age,weight,height,income_lpa,smoker,city,occupation,insurance_premium_category
23,81.3,1.58,6.01,False,Ajmer,private_job,medium
63,69.7,1.65,11.79,False,Ajmer,government_job,medium
66,77.0,1.79,3.55,True,Raipur,student,high
71,67.2,1.68,24.38,False,Kota,government_job,medium
60,78.0,1.64,4.01,False,Ajmer,retired,medium
75,62.3,1.64,13.86,True,Shimla,government_job,high
46,57.6,1.6,2.03,False,Kolkata,unemployed,low
57,60.0,1.73,15.4,True,Varanasi,private_job,medium
32,80.2,1.7,12.23,False,Amritsar,retired,low
47,62.9,1.65,12.69,True,Varanasi,business_owner,medium
45,44.8,1.78,23.31,False,Amritsar,private_job,low
23,64.8,1.76,8.51,False,Surat,government_job,low
79,56.2,1.57,2.11,False,Meerut,student,medium
25,79.4,1.7,21.09,True,Surat,government_job,high
38,52.1,1.64,7.39,False,Mumbai,government_job,low
76,80.0,1.72,10.33,False,Hyderabad,government_job,medium
55,50.2,1.54,32.07,False,Patna,private_job,medium
46,64.7,1.81,17.38,True,Chandigarh,private_job,medium
22,82.6,1.65,2.18,False,Chennai,student,medium
51,71.1,1.54,16.83,False,Hyderabad,private_job,medium
26,54.6,1.66,4.87,False,Rajkot,government_job,low
29,91.9,1.72,14.38,False,Lucknow,business_owner,medium
79,79.5,1.54,14.46,False,Rajkot,retired,high
46,100.0,1.76,56.58,False,Ajmer,business_owner,high
51,57.8,1.71,29.14,True,Bhopal,business_owner,high
40,67.6,1.7,10.97,False,Kota,business_owner,low
25,96.5,1.71,6.45,False,Indore,private_job,medium
78,59.1,1.58,21.43,False,Jaipur,government_job,medium
77,75.8,1.77,19.08,False,Lucknow,business_owner,medium
29,51.6,1.63,31.53,False,Hyderabad,private_job,low
70,74.3,1.67,4.75,False,Saharanpur,student,medium
43,93.0,1.72,5.65,True,Ranchi,student,high
19,67.3,1.85,15.79,False,Kolkata,freelancer,low
20,79.6,1.59,19.02,True,Pune,private_job,high
75,71.4,1.82,0.93,False,Mumbai,unemployed,medium
75,56.8,1.56,25.89,False,Amritsar,private_job,medium
69,65.1,1.63,17.92,False,Kolkata,government_job,medium
50,66.6,1.61,39.87,True,Indore,business_owner,high
62,107.8,1.7,56.32,False,Kolkata,business_owner,high
44,74.7,1.62,21.08,False,Bhopal,freelancer,medium
46,54.1,1.66,22.3,False,Jaipur,private_job,medium
25,68.6,1.79,17.52,False,Ranchi,private_job,low
34,97.6,1.57,3.53,False,Jaipur,freelancer,medium
40,55.2,1.85,23.18,True,Kolkata,freelancer,medium
27,49.4,1.67,2.72,True,Indore,retired,medium
69,85.2,1.73,10.68,False,Delhi,government_job,medium
63,74.7,1.61,7.45,True,Meerut,freelancer,high
57,58.6,1.72,15.0,True,Surat,government_job,medium
23,77.2,1.71,21.4,False,Kota,freelancer,low
32,74.0,1.63,3.23,True,Sikar,unemployed,medium
69,92.1,1.7,12.09,False,Vadodara,government_job,high
33,43.6,1.64,8.88,False,Chandigarh,government_job,low
49,69.1,1.65,1.54,False,Ranchi,unemployed,low
59,87.7,1.85,51.67,False,Nanded,business_owner,medium
30,71.0,1.65,4.54,False,Alwar,student,low
55,87.6,1.66,18.69,True,Amritsar,freelancer,high
50,52.4,1.67,22.0,False,Nanded,private_job,medium
79,70.5,1.58,10.23,False,Alwar,business_owner,medium
28,79.1,1.8,14.98,False,Hyderabad,government_job,low
75,40.0,1.84,6.83,True,Alwar,private_job,high
62,82.7,1.72,24.48,True,Bangalore,private_job,high
63,74.1,1.7,10.6,True,Saharanpur,government_job,high
77,54.1,1.78,19.32,False,Kolkata,government_job,medium
76,82.7,1.7,24.72,False,Nanded,government_job,high
70,104.9,1.74,0.93,False,Kakinada,unemployed,high
20,89.6,1.69,12.45,False,Amritsar,private_job,medium
37,77.9,1.72,6.54,False,Coimbatore,private_job,low
20,76.9,1.63,24.98,False,Saharanpur,freelancer,medium
26,73.4,1.76,5.13,True,Raipur,retired,medium
70,64.1,1.76,0.63,True,Ajmer,unemployed,high
27,50.6,1.48,5.17,True,Delhi,student,medium
59,73.0,1.65,29.82,True,Alwar,private_job,high
46,71.4,1.82,7.97,False,Pune,private_job,low
21,82.1,1.64,22.57,True,Pune,private_job,high
22,68.0,1.73,8.54,True,Jodhpur,private_job,medium
65,60.2,1.57,23.37,False,Pune,private_job,medium
45,64.9,1.81,43.49,False,Kolkata,business_owner,low
45,68.0,1.72,13.96,True,Kakinada,government_job,medium
78,86.1,1.7,16.83,False,Kolkata,government_job,medium
78,46.2,1.6,22.44,True,Visakhapatnam,business_owner,high
36,86.6,1.87,36.12,False,Visakhapatnam,business_owner,low
51,79.3,1.7,20.57,False,Raipur,private_job,medium
50,73.3,1.94,31.36,False,Jodhpur,private_job,medium
70,58.3,1.66,5.11,False,Nagpur,student,medium
20,86.3,1.75,5.65,False,Chennai,retired,low
48,42.5,1.77,12.75,False,Hyderabad,retired,low
43,59.2,1.77,10.39,False,Ranchi,freelancer,low
22,61.6,1.72,2.97,False,Sikar,unemployed,low
75,81.9,1.67,14.01,True,Raipur,business_owner,high
43,55.4,1.84,34.69,True,Kota,private_job,medium
49,91.8,1.64,16.88,False,Coimbatore,private_job,medium
74,63.3,1.59,5.03,True,Kolkata,retired,high
30,40.0,1.79,7.6,False,Nagpur,freelancer,low
70,66.2,1.66,4.86,False,Raipur,private_job,medium
64,75.8,1.75,20.14,False,Vadodara,government_job,medium
40,58.7,1.65,13.9,False,Nagpur,private_job,low
70,68.9,1.59,23.19,True,Vadodara,private_job,high
18,67.6,1.75,17.34,False,Patna,private_job,low
26,73.9,1.67,23.28,False,Rajkot,private_job,low
67,66.2,1.8,26.06,False,Jodhpur,private_job,medium
56,80.7,1.57,17.08,False,Ajmer,private_job,medium
77,51.7,1.84,4.54,False,Raipur,student,medium
57,50.8,1.51,18.67,False,Patna,private_job,low
71,77.7,1.5,5.71,False,Bhopal,private_job,high
51,81.4,1.73,6.85,True,Alwar,retired,high
40,48.6,1.7,30.69,False,Chennai,private_job,low
42,60.8,1.7,3.5,True,Alwar,unemployed,medium
77,77.1,1.62,22.81,False,Nagpur,government_job,high
33,94.2,1.45,12.57,False,Jaipur,private_job,medium
45,67.2,1.65,3.95,True,Visakhapatnam,freelancer,medium
45,100.8,1.75,2.74,True,Varanasi,student,high
25,72.5,1.51,18.9,True,Surat,private_job,high
24,78.8,1.57,7.89,False,Ranchi,retired,medium
72,44.6,1.65,20.31,True,Patna,private_job,high
39,45.8,1.51,19.95,False,Saharanpur,private_job,low
31,59.3,1.71,2.27,True,Rajkot,student,medium
39,76.3,1.72,28.08,False,Meerut,private_job,low
71,62.2,1.81,31.88,False,Bhopal,private_job,medium
47,92.5,1.76,3.84,False,Pune,unemployed,medium
75,40.0,1.78,2.94,True,Coimbatore,freelancer,high
53,67.0,1.59,0.78,True,Bangalore,student,medium
57,55.4,1.78,2.16,False,Ranchi,student,low
32,80.5,1.68,3.04,False,Visakhapatnam,private_job,low
35,80.3,1.52,29.92,True,Nagpur,private_job,high
32,47.6,1.45,1.3,True,Lucknow,unemployed,medium
33,53.2,1.57,7.81,True,Nanded,private_job,medium
37,72.4,1.71,2.72,True,Kolkata,freelancer,medium
61,87.8,1.78,51.72,True,Jodhpur,business_owner,high
35,77.7,1.86,30.38,True,Meerut,private_job,medium
33,100.7,1.58,14.57,False,Nanded,private_job,medium
27,76.6,1.74,2.78,False,Lucknow,student,low
69,43.2,1.71,4.15,False,Bangalore,retired,medium
70,90.4,1.85,22.0,True,Varanasi,private_job,high
66,76.0,1.57,59.55,True,Kolkata,business_owner,high
75,83.4,1.86,22.64,False,Mumbai,freelancer,medium
43,67.7,1.57,9.73,True,Vadodara,retired,medium
39,68.2,1.5,17.72,False,Raipur,business_owner,medium
70,53.7,1.6,18.23,False,Chandigarh,government_job,medium
65,51.3,1.67,14.81,True,Surat,government_job,high
20,62.4,1.71,22.46,False,Alwar,freelancer,low
27,52.9,1.71,6.59,False,Amritsar,freelancer,low
78,40.0,1.56,31.11,False,Nanded,private_job,medium
43,40.0,1.8,21.24,True,Vadodara,private_job,medium
66,56.6,1.6,6.7,False,Saharanpur,freelancer,medium
46,70.5,1.87,31.4,False,Mumbai,private_job,medium
56,82.8,1.95,16.64,False,Lucknow,government_job,low
49,70.5,1.77,6.75,True,Bhopal,government_job,medium
37,80.0,1.49,1.04,False,Amritsar,student,medium
54,82.5,1.61,14.01,False,Saharanpur,freelancer,medium
46,54.9,1.71,23.88,False,Chandigarh,private_job,medium
72,66.7,1.68,31.05,False,Chennai,private_job,medium
24,52.4,1.57,3.79,False,Sikar,retired,low
31,44.4,1.45,2.4,True,Surat,unemployed,medium
23,85.7,1.65,45.43,False,Chandigarh,business_owner,medium
70,71.5,1.72,9.62,False,Ranchi,private_job,medium
43,50.8,1.66,5.16,True,Chennai,student,medium
58,60.7,1.74,30.24,False,Visakhapatnam,private_job,medium
64,90.5,1.73,1.39,False,Patna,student,high
22,67.5,1.62,34.14,False,Saharanpur,business_owner,low
69,70.1,1.69,18.42,False,Coimbatore,private_job,medium
27,52.7,1.74,0.67,True,Hyderabad,student,medium
27,77.4,1.77,12.41,False,Nanded,government_job,low
58,75.7,1.45,18.0,True,Pune,private_job,high
69,59.3,1.56,4.87,False,Nanded,student,medium
21,94.3,1.72,17.02,False,Shimla,private_job,medium
64,66.2,1.54,7.96,True,Mumbai,retired,high
44,73.3,1.67,13.21,False,Hyderabad,private_job,low
62,48.7,1.64,23.95,True,Bhopal,government_job,high
52,75.6,1.75,7.85,False,Hyderabad,retired,low
64,65.5,1.74,1.56,False,Shimla,unemployed,medium
62,68.4,1.81,44.59,False,Ranchi,business_owner,medium
62,69.1,1.76,2.74,False,Saharanpur,student,medium
34,80.1,1.71,2.82,True,Kolkata,unemployed,medium
73,62.5,1.82,10.89,False,Lucknow,private_job,medium
28,64.9,1.65,4.21,False,Kolkata,student,low
63,40.0,1.74,22.52,True,Pune,private_job,high
37,87.8,1.78,18.39,True,Jodhpur,government_job,medium
51,84.8,1.68,23.65,False,Visakhapatnam,government_job,high
38,80.5,1.78,1.67,True,Lucknow,unemployed,medium
42,55.7,1.73,26.84,False,Nanded,private_job,low
32,49.3,1.92,4.05,True,Ajmer,student,medium
36,67.7,1.72,4.99,False,Chandigarh,student,low
53,53.9,1.67,29.85,True,Hyderabad,private_job,high
61,66.6,1.57,9.16,True,Ajmer,private_job,high
19,61.2,1.95,5.23,True,Visakhapatnam,private_job,medium
54,71.7,1.69,0.89,False,Alwar,unemployed,low
53,61.1,1.65,42.74,False,Hyderabad,business_owner,medium
18,93.7,1.8,34.25,False,Sikar,private_job,medium
36,79.0,1.74,1.74,False,Bhopal,unemployed,low
60,89.6,1.6,4.62,False,Kota,student,medium
28,71.5,1.66,6.08,True,Nagpur,private_job,medium
37,76.8,1.58,7.67,False,Vadodara,retired,medium
24,96.6,1.65,5.38,False,Delhi,freelancer,medium
34,59.7,1.65,11.07,False,Kota,freelancer,low
54,68.7,1.68,17.87,False,Chandigarh,private_job,low
43,70.2,1.63,3.98,True,Jaipur,freelancer,medium
28,72.8,1.78,7.39,False,Hyderabad,private_job,low
29,70.0,1.69,30.93,True,Coimbatore,private_job,medium
56,66.2,1.64,21.13,False,Jaipur,private_job,medium
41,63.8,1.86,9.82,False,Kota,retired,low
56,68.7,1.58,20.96,False,Chandigarh,private_job,medium
64,50.2,1.72,42.22,True,Chandigarh,business_owner,high
40,65.3,1.54,1.1,False,Mumbai,unemployed,low
23,66.2,1.78,4.8,False,Bhopal,retired,low
46,92.3,1.59,6.76,False,Pune,freelancer,medium
50,60.2,1.67,2.48,True,Hyderabad,student,medium
50,83.3,1.71,5.39,False,Patna,student,medium
61,42.8,1.54,0.93,False,Chennai,unemployed,medium
77,76.2,1.81,4.41,False,Shimla,private_job,medium
21,78.4,1.62,8.45,False,Lucknow,private_job,low
38,74.9,1.69,12.04,True,Nagpur,business_owner,medium
31,89.2,1.84,24.73,False,Pune,business_owner,low
45,63.8,1.69,15.53,True,Coimbatore,private_job,medium
34,58.0,1.83,2.44,True,Coimbatore,unemployed,medium
78,96.1,1.68,18.63,False,Patna,freelancer,high
71,69.3,1.64,5.05,False,Jaipur,student,medium
29,93.1,1.74,15.56,False,Rajkot,private_job,medium
75,61.0,1.68,2.47,True,Rajkot,unemployed,high
38,40.0,1.46,4.11,False,Shimla,government_job,low
76,100.1,1.68,19.87,True,Lucknow,business_owner,high
44,73.9,1.47,33.83,False,Ajmer,private_job,medium
70,70.8,1.58,6.12,False,Pune,government_job,medium
49,40.0,1.65,28.37,False,Bhopal,business_owner,medium
25,82.1,1.56,12.1,False,Visakhapatnam,private_job,medium
63,75.6,1.66,18.49,True,Meerut,government_job,high
56,46.6,1.68,8.0,False,Amritsar,retired,low
75,81.1,1.67,1.03,False,Jaipur,student,medium
30,97.9,1.72,16.99,False,Visakhapatnam,freelancer,medium
72,76.4,1.6,8.95,False,Jodhpur,retired,medium
47,59.0,1.71,5.47,True,Kakinada,student,medium
37,75.3,1.55,7.98,False,Nanded,private_job,medium
22,66.2,1.64,5.33,False,Nanded,government_job,low
35,75.7,1.64,6.02,False,Lucknow,private_job,low
25,82.4,1.53,33.19,True,Varanasi,private_job,high
75,72.7,1.74,34.1,False,Alwar,private_job,medium
65,67.5,1.65,12.22,True,Bhopal,government_job,high
62,56.3,1.71,22.59,True,Bangalore,private_job,high
37,97.9,1.49,3.34,False,Hyderabad,student,medium
72,65.1,1.8,3.46,True,Sikar,freelancer,high
27,79.8,1.71,1.21,False,Surat,unemployed,low
71,88.9,1.52,1.0,True,Jodhpur,student,high
43,70.4,1.78,20.3,True,Coimbatore,private_job,medium
56,56.3,1.7,8.8,False,Lucknow,government_job,low
73,56.1,1.65,13.45,False,Hyderabad,freelancer,medium
19,40.0,1.64,14.04,False,Nagpur,government_job,low
78,91.6,1.54,0.68,False,Bangalore,unemployed,high
19,61.1,1.65,12.69,False,Bhopal,retired,low
64,68.3,1.83,23.19,True,Ajmer,private_job,high
44,59.1,1.78,12.93,False,Raipur,government_job,low
40,49.6,1.55,4.6,True,Nagpur,student,medium
41,40.0,1.68,11.72,True,Pune,private_job,medium
24,95.6,1.64,3.41,False,Kakinada,student,medium
63,57.9,1.76,14.05,True,Ajmer,government_job,high
42,69.7,1.62,43.78,True,Indore,business_owner,medium
44,52.7,1.71,17.34,False,Bhopal,private_job,low
35,75.0,1.81,12.23,True,Jaipur,government_job,medium
74,72.0,1.88,12.09,True,Shimla,freelancer,high
71,73.2,1.51,18.93,False,Ranchi,private_job,high
19,40.0,1.55,32.08,False,Meerut,private_job,low
40,67.4,1.8,14.38,False,Bhopal,government_job,low
45,52.5,1.78,7.18,False,Surat,freelancer,low
22,92.7,1.59,13.06,False,Kota,private_job,medium
64,66.5,1.82,3.56,True,Chandigarh,student,high
31,59.1,1.52,15.89,False,Hyderabad,private_job,low
18,81.6,1.61,11.47,False,Amritsar,private_job,medium
65,52.8,1.6,2.02,False,Kolkata,student,medium
52,46.2,1.75,4.77,False,Chandigarh,student,low
53,51.1,1.53,9.43,False,Ranchi,retired,low
72,67.7,1.8,5.85,False,Delhi,private_job,medium
38,84.1,1.45,11.43,False,Shimla,freelancer,medium
63,59.1,1.66,16.18,False,Meerut,private_job,medium
33,54.0,1.84,6.13,False,Nanded,private_job,low
26,90.4,1.65,4.88,False,Pune,student,medium
51,66.2,1.71,1.24,False,Alwar,student,low
49,43.3,1.95,4.74,True,Visakhapatnam,government_job,medium
66,87.6,1.76,30.23,False,Raipur,private_job,high
22,86.2,1.72,3.9,False,Jaipur,student,low
55,86.3,1.71,17.12,False,Kolkata,private_job,medium
29,77.5,1.53,12.21,True,Vadodara,private_job,high
79,68.2,1.69,26.73,False,Jaipur,business_owner,medium
77,78.0,1.81,2.33,True,Nanded,unemployed,high
38,81.3,1.5,34.49,False,Alwar,private_job,medium
40,87.9,1.86,11.48,False,Raipur,freelancer,low
24,68.7,1.61,31.27,False,Indore,private_job,low
33,84.8,1.52,3.4,True,Ajmer,unemployed,high
46,61.9,1.58,8.04,True,Jaipur,business_owner,medium
68,67.9,1.7,4.63,False,Meerut,private_job,medium
51,62.0,1.54,3.42,False,Chandigarh,student,low
67,73.1,1.51,25.72,False,Chandigarh,private_job,high
41,98.5,1.7,17.45,True,Shimla,government_job,high
19,40.0,1.62,12.76,False,Saharanpur,business_owner,low
28,62.1,1.62,6.87,True,Saharanpur,freelancer,medium
29,98.8,1.61,3.72,False,Chennai,retired,medium
63,70.6,1.69,23.43,False,Rajkot,private_job,medium
76,83.7,1.63,7.56,False,Varanasi,government_job,high
66,92.2,1.64,13.57,False,Chandigarh,private_job,high
58,74.7,1.62,1.69,False,Meerut,student,medium
58,61.5,1.61,3.55,False,Nanded,student,low
45,71.1,1.58,24.59,False,Jodhpur,private_job,medium
55,67.8,1.57,7.11,False,Bangalore,freelancer,medium
69,71.1,1.63,14.48,False,Shimla,government_job,medium
62,73.2,1.55,45.56,True,Nanded,business_owner,high
43,55.2,1.45,30.76,False,Vadodara,business_owner,low
49,85.2,1.71,2.01,False,Coimbatore,freelancer,medium
40,65.1,1.49,13.49,False,Ajmer,business_owner,low
77,76.6,1.68,1.94,False,Hyderabad,unemployed,medium
27,70.0,1.73,30.19,False,Jaipur,private_job,low
68,69.9,1.71,3.7,False,Jaipur,student,medium
18,66.1,1.73,32.85,False,Sikar,private_job,low
41,80.1,1.59,24.7,False,Vadodara,government_job,medium
74,70.9,1.75,3.51,False,Saharanpur,student,medium
28,66.1,1.7,13.67,False,Nagpur,private_job,low
50,47.5,1.77,8.79,False,Kolkata,government_job,low
79,79.9,1.64,17.09,True,Surat,freelancer,high
60,59.6,1.73,13.03,True,Bangalore,retired,medium
50,53.7,1.75,12.44,False,Jodhpur,retired,low
25,80.2,1.66,13.25,False,Mumbai,business_owner,low
68,52.1,1.62,18.81,True,Raipur,private_job,high
75,45.6,1.82,6.58,False,Bhopal,retired,medium
40,74.0,1.48,3.22,False,Mumbai,unemployed,medium
31,58.3,1.78,18.51,True,Varanasi,business_owner,medium
71,76.8,1.52,20.96,False,Jaipur,freelancer,high
45,68.0,1.74,33.46,True,Pune,private_job,medium
72,76.5,1.63,20.61,True,Ajmer,private_job,high
22,40.0,1.8,16.01,True,Meerut,government_job,medium
59,85.4,1.57,18.12,False,Shimla,private_job,medium
51,54.7,1.62,7.67,True,Lucknow,government_job,medium
63,89.4,1.59,5.23,False,Bhopal,student,high
30,58.0,1.61,11.25,False,Meerut,private_job,low
57,43.0,1.64,1.69,True,Sikar,unemployed,medium
43,73.7,1.69,5.15,False,Bhopal,student,low
37,52.0,1.77,0.91,False,Kota,unemployed,low
60,66.5,1.65,0.67,True,Nagpur,unemployed,medium
46,81.9,1.64,20.38,True,Kolkata,business_owner,high
60,81.5,1.55,2.32,True,Jodhpur,freelancer,high
38,61.6,1.7,15.14,False,Bhopal,government_job,low
26,58.5,1.7,6.11,False,Mumbai,government_job,low
69,84.5,1.7,12.11,False,Kakinada,private_job,medium
49,103.2,1.63,7.78,False,Jodhpur,retired,medium
51,86.8,1.54,7.88,False,Kolkata,retired,medium
49,96.7,1.55,6.75,True,Lucknow,government_job,high
63,69.6,1.7,11.74,False,Kakinada,freelancer,medium
63,71.9,1.6,52.27,False,Nagpur,business_owner,high
25,73.1,1.45,58.71,True,Indore,business_owner,high
61,71.7,1.64,4.24,True,Indore,student,high
49,83.8,1.71,4.44,False,Amritsar,student,medium
58,79.9,1.58,5.45,True,Patna,student,high
63,87.4,1.56,4.61,True,Delhi,student,high
36,42.8,1.63,25.83,False,Alwar,private_job,low
48,75.7,1.71,14.79,False,Patna,business_owner,low
39,67.1,1.73,3.41,True,Mumbai,retired,medium
38,50.7,1.69,12.09,True,Indore,government_job,medium
39,75.8,1.72,4.66,False,Lucknow,student,low
39,63.0,1.67,4.76,False,Nanded,student,low
63,82.3,1.69,28.8,True,Kota,private_job,high
22,93.2,1.5,5.98,False,Nanded,private_job,medium
26,62.3,1.65,52.13,True,Delhi,business_owner,medium
64,77.4,1.72,9.57,False,Indore,government_job,medium
70,71.6,1.69,16.63,True,Coimbatore,private_job,high
63,71.0,1.6,13.35,False,Nagpur,business_owner,medium
55,86.0,1.72,5.83,False,Surat,student,medium
48,64.7,1.6,14.35,False,Kakinada,business_owner,low
36,65.0,1.67,14.97,False,Rajkot,freelancer,low
34,84.0,1.59,8.66,True,Delhi,retired,high
22,53.9,1.6,8.95,False,Raipur,private_job,low
25,58.8,1.75,4.4,False,Rajkot,freelancer,low
65,79.5,1.81,5.81,True,Bhopal,private_job,high
54,60.8,1.61,13.5,False,Nanded,government_job,low
37,70.8,1.71,5.15,True,Pune,private_job,medium
25,73.5,1.89,23.85,False,Raipur,freelancer,low
42,63.0,1.67,15.28,True,Meerut,government_job,medium
69,70.6,1.58,8.14,True,Bangalore,government_job,high
37,57.8,1.66,47.45,False,Jodhpur,business_owner,low
35,65.6,1.79,28.4,True,Rajkot,private_job,medium
62,84.7,1.76,5.95,False,Coimbatore,government_job,medium
19,68.5,1.68,30.82,False,Kolkata,private_job,low
75,58.1,1.69,4.17,False,Jodhpur,private_job,medium
61,74.2,1.9,7.95,True,Jaipur,government_job,high
61,54.3,1.59,27.45,True,Varanasi,private_job,high
35,57.9,1.8,1.58,True,Indore,unemployed,medium
61,58.8,1.52,11.48,False,Delhi,retired,medium
37,40.0,1.75,10.82,False,Shimla,government_job,low
52,78.3,1.79,5.52,False,Coimbatore,private_job,low
18,81.8,1.73,19.57,False,Hyderabad,freelancer,low
56,53.6,1.72,5.69,True,Nanded,government_job,medium
42,98.3,1.55,32.39,False,Sikar,business_owner,medium
27,74.2,1.79,18.48,False,Ranchi,government_job,low
69,46.3,1.78,3.59,False,Ranchi,freelancer,medium
76,83.9,1.8,29.74,True,Indore,private_job,high
36,56.6,1.63,3.52,False,Mumbai,student,low
35,70.2,1.87,7.8,False,Alwar,private_job,low
76,70.8,1.82,2.9,True,Delhi,unemployed,high
69,65.9,1.9,10.86,True,Visakhapatnam,government_job,high
65,77.8,1.45,22.27,True,Chandigarh,private_job,high
46,46.7,1.59,2.2,True,Amritsar,freelancer,medium
36,82.5,1.95,5.3,False,Ajmer,private_job,low
39,67.2,1.47,59.52,True,Shimla,business_owner,high
42,81.2,1.83,48.57,False,Pune,business_owner,low
47,40.0,1.56,21.36,True,Saharanpur,business_owner,high
51,55.0,1.84,15.29,False,Nanded,government_job,low
39,64.2,1.79,14.11,True,Chennai,retired,medium
24,93.9,1.67,26.22,True,Pune,private_job,high
21,68.7,1.68,25.99,False,Amritsar,private_job,low
47,60.8,1.75,41.54,False,Lucknow,business_owner,medium
59,80.6,1.48,3.47,False,Shimla,student,medium
69,67.3,1.64,37.19,False,Surat,business_owner,medium
56,59.5,1.71,2.38,False,Varanasi,unemployed,low
66,64.7,1.71,24.73,True,Chennai,private_job,high
42,48.4,1.51,21.99,False,Rajkot,private_job,low
36,40.0,1.74,19.63,False,Patna,private_job,low
38,87.0,1.69,23.83,False,Delhi,government_job,medium
79,85.4,1.53,15.27,False,Jaipur,private_job,high
67,74.1,1.58,14.0,False,Alwar,retired,medium
58,81.1,1.58,18.96,True,Vadodara,private_job,high
56,82.3,1.76,0.79,False,Amritsar,student,low
58,71.3,1.64,12.82,True,Nanded,government_job,medium
33,50.3,1.55,7.21,False,Chennai,freelancer,low
79,89.8,1.64,17.15,False,Jaipur,government_job,high
44,78.8,1.71,23.2,False,Kolkata,private_job,low
56,65.8,1.76,21.74,False,Raipur,private_job,medium
26,68.3,1.67,29.03,False,Ranchi,business_owner,low
69,70.0,1.7,8.53,True,Chandigarh,private_job,high
76,103.2,1.79,3.83,True,Indore,unemployed,high
52,73.7,1.74,4.65,False,Amritsar,government_job,low
56,75.4,1.83,26.78,True,Amritsar,business_owner,high
63,82.1,1.7,9.25,False,Chennai,retired,medium
47,44.3,1.74,30.49,True,Kota,private_job,high
26,43.0,1.66,4.53,True,Nanded,retired,medium
55,61.9,1.79,12.45,False,Coimbatore,government_job,low
57,85.7,1.66,5.84,False,Saharanpur,private_job,medium
76,76.1,1.73,2.1,False,Kakinada,unemployed,medium
48,100.3,1.65,4.16,False,Delhi,student,medium
36,40.0,1.64,11.68,False,Saharanpur,private_job,low
36,92.4,1.82,31.08,False,Pune,private_job,medium
39,55.9,1.79,15.77,True,Jaipur,government_job,medium
21,79.6,1.91,53.83,False,Indore,business_owner,low
61,55.5,1.6,5.03,True,Vadodara,student,high
62,75.1,1.67,12.31,False,Varanasi,private_job,medium
39,79.4,1.71,34.78,False,Shimla,private_job,medium
32,57.7,1.52,15.62,False,Alwar,private_job,low
51,91.2,1.63,12.28,True,Chennai,government_job,high
29,67.1,1.58,9.47,False,Nagpur,retired,low
36,64.1,1.62,16.22,False,Jodhpur,government_job,low
25,94.9,1.6,4.9,False,Bhopal,student,medium
34,67.7,1.62,10.64,False,Hyderabad,private_job,low
28,55.2,1.69,22.39,False,Chandigarh,government_job,low
48,88.1,1.75,7.11,False,Meerut,retired,medium
70,68.7,1.74,25.71,False,Amritsar,private_job,medium
49,62.3,1.84,3.9,True,Saharanpur,unemployed,medium
36,89.3,1.7,3.27,False,Chandigarh,student,medium
43,67.3,1.58,14.37,False,Mumbai,private_job,low
44,63.7,1.54,11.05,False,Hyderabad,freelancer,low
73,80.4,1.61,2.0,False,Mumbai,student,high
67,93.5,1.72,10.12,False,Hyderabad,business_owner,high
51,84.9,1.66,9.6,True,Hyderabad,private_job,high
65,89.3,1.66,29.8,True,Nagpur,private_job,high
53,91.0,1.64,24.57,False,Saharanpur,private_job,high
45,82.9,1.59,0.9,False,Raipur,student,medium
49,76.0,1.66,8.18,False,Coimbatore,private_job,medium
31,68.9,1.75,17.62,False,Saharanpur,government_job,low
24,85.6,1.7,16.67,False,Chandigarh,freelancer,low
37,61.2,1.7,56.42,False,Jaipur,business_owner,low
51,52.5,1.55,30.09,False,Kota,private_job,medium
50,55.8,1.64,34.94,False,Jodhpur,private_job,medium
55,57.5,1.74,2.31,False,Bangalore,student,low
67,67.5,1.63,25.19,True,Pune,private_job,high
45,71.7,1.52,28.9,False,Mumbai,business_owner,medium
64,83.1,1.76,34.38,False,Indore,private_job,medium
21,59.6,1.63,10.1,False,Bhopal,private_job,low
51,78.7,1.78,2.77,True,Bhopal,unemployed,medium
50,63.0,1.74,13.2,True,Ranchi,government_job,medium
65,86.0,1.73,11.98,False,Pune,retired,medium
56,63.3,1.62,4.67,False,Ranchi,student,low
46,80.1,1.79,15.03,True,Raipur,government_job,medium
50,84.5,1.65,15.7,False,Chennai,government_job,medium
31,41.3,1.85,5.24,True,Delhi,retired,medium
72,63.7,1.64,5.05,True,Jaipur,business_owner,high
30,81.3,1.76,17.2,True,Chennai,business_owner,medium
48,70.1,1.58,24.57,False,Kakinada,freelancer,medium
58,56.3,1.93,9.53,False,Jodhpur,private_job,low
52,78.3,1.67,24.93,False,Visakhapatnam,freelancer,medium
59,78.7,1.79,21.17,False,Raipur,private_job,medium
72,81.8,1.62,7.25,True,Kolkata,government_job,high
33,57.7,1.7,3.24,True,Meerut,private_job,medium
25,48.0,1.59,2.56,False,Amritsar,unemployed,low
39,77.7,1.55,53.5,False,Varanasi,business_owner,medium
66,53.9,1.61,0.56,False,Bhopal,student,medium
69,57.5,1.63,2.8,True,Jaipur,student,high
51,70.0,1.79,19.86,True,Alwar,freelancer,medium
47,57.7,1.65,2.27,True,Nanded,freelancer,medium
60,60.1,1.61,15.62,True,Nanded,freelancer,medium
75,61.6,1.76,15.08,False,Vadodara,business_owner,medium
30,87.1,1.68,50.07,False,Raipur,business_owner,medium
60,70.0,1.87,1.47,True,Varanasi,unemployed,medium
62,54.7,1.86,9.14,True,Jodhpur,retired,high
30,59.9,1.62,3.52,False,Jodhpur,student,low
21,58.8,1.65,6.14,False,Bhopal,private_job,low
57,43.5,1.45,19.81,False,Rajkot,freelancer,low
51,70.4,1.81,5.39,False,Chennai,student,low
45,80.9,1.72,5.93,True,Varanasi,private_job,medium
45,40.0,1.65,15.99,True,Jaipur,government_job,medium
43,99.3,1.7,25.79,False,Kolkata,business_owner,medium
41,46.0,1.68,25.6,False,Bangalore,private_job,low
74,69.2,1.78,23.41,False,Mumbai,government_job,medium
45,68.1,1.6,10.96,False,Coimbatore,private_job,low
48,73.9,1.66,2.23,False,Chennai,unemployed,low
30,73.3,1.84,29.3,False,Hyderabad,business_owner,low
28,62.7,1.92,7.82,False,Saharanpur,government_job,low
22,88.7,1.65,26.15,False,Coimbatore,private_job,medium
18,40.4,1.63,19.7,False,Saharanpur,business_owner,low
31,63.7,1.64,13.12,True,Chennai,private_job,medium
46,75.7,1.79,32.31,False,Coimbatore,private_job,medium
42,76.0,1.83,10.98,True,Kakinada,freelancer,medium
27,49.6,1.75,27.35,False,Hyderabad,private_job,low
21,75.4,1.56,23.57,False,Amritsar,freelancer,medium
60,68.9,1.6,17.28,True,Chandigarh,government_job,medium
65,64.4,1.7,9.64,True,Amritsar,freelancer,high
67,56.0,1.78,12.09,False,Coimbatore,business_owner,medium
63,62.9,1.64,2.99,False,Kakinada,freelancer,medium
49,72.6,1.93,15.05,True,Ajmer,private_job,medium
54,57.3,1.89,23.46,False,Hyderabad,private_job,medium
22,57.1,1.81,9.78,False,Varanasi,retired,low
68,53.4,1.63,2.74,False,Kolkata,retired,medium
46,56.4,1.56,18.44,False,Lucknow,freelancer,low
22,58.2,1.77,9.85,False,Amritsar,retired,low
58,78.9,1.88,0.64,False,Amritsar,unemployed,low
63,70.7,1.67,11.23,False,Ranchi,private_job,medium
69,88.2,1.7,30.65,True,Hyderabad,private_job,high
53,67.7,1.61,43.5,False,Indore,business_owner,medium
65,78.2,1.75,23.43,False,Ranchi,freelancer,medium
37,75.5,1.61,16.33,True,Nanded,private_job,medium
32,53.1,1.63,18.73,False,Bangalore,government_job,low
78,115.5,1.66,5.65,True,Rajkot,retired,high
69,68.3,1.76,7.45,False,Indore,private_job,medium
78,68.0,1.72,13.23,True,Amritsar,government_job,high
26,59.5,1.53,23.94,False,Vadodara,freelancer,low
33,75.1,1.62,55.55,True,Patna,business_owner,high
26,80.3,1.79,31.14,False,Chennai,private_job,low
25,72.7,1.77,4.78,False,Sikar,government_job,low
23,78.5,1.61,3.03,False,Chennai,retired,medium
36,49.6,1.64,1.54,False,Bangalore,student,low
39,85.9,1.67,40.29,False,Kakinada,business_owner,medium
53,87.5,1.62,22.81,True,Varanasi,business_owner,high
57,74.8,1.73,6.39,False,Raipur,freelancer,low
19,54.6,1.75,11.41,False,Jodhpur,government_job,low
63,85.0,1.9,27.2,False,Rajkot,private_job,medium
71,61.1,1.71,1.91,False,Bhopal,student,medium
23,48.2,1.74,9.8,True,Varanasi,retired,medium
25,78.2,1.63,1.52,True,Nanded,unemployed,medium
29,57.2,1.79,0.57,False,Shimla,student,low
67,49.8,1.6,16.01,False,Varanasi,private_job,medium
73,84.5,1.54,0.64,True,Nagpur,student,high
45,64.9,1.59,12.35,False,Ranchi,private_job,low
29,75.9,1.63,13.57,False,Patna,freelancer,low
69,65.1,1.79,4.69,True,Alwar,government_job,high
73,40.0,1.78,15.77,False,Delhi,government_job,medium
52,89.6,1.62,3.72,False,Amritsar,student,medium
25,54.6,1.64,0.97,False,Lucknow,unemployed,low
18,79.3,1.62,13.67,False,Saharanpur,freelancer,medium
55,100.9,1.74,12.18,False,Mumbai,private_job,medium
47,80.6,1.73,2.42,False,Nanded,unemployed,low
50,72.1,1.66,34.17,True,Coimbatore,private_job,high
33,81.6,1.79,17.92,False,Shimla,freelancer,low
70,74.3,1.77,31.1,False,Bangalore,private_job,medium
43,69.5,1.68,17.15,True,Vadodara,freelancer,medium
51,77.3,1.66,3.91,False,Nagpur,student,medium
62,81.7,1.85,4.12,False,Delhi,student,medium
39,56.2,1.73,32.58,False,Hyderabad,private_job,low
63,40.0,1.65,0.92,False,Surat,student,medium
79,69.2,1.7,19.52,True,Lucknow,business_owner,high
20,70.5,1.55,4.23,False,Delhi,student,low
34,47.8,1.53,5.05,True,Lucknow,business_owner,medium
27,55.5,1.65,3.65,False,Sikar,private_job,low
33,68.9,1.61,4.63,False,Coimbatore,student,low
22,53.9,1.63,17.05,False,Jodhpur,private_job,low
67,56.4,1.74,21.36,False,Surat,government_job,medium
28,59.3,1.76,29.83,False,Nanded,private_job,low
51,77.4,1.85,37.35,True,Varanasi,business_owner,high
77,71.9,1.48,25.95,False,Meerut,private_job,high
39,72.0,1.77,5.04,False,Ranchi,business_owner,low
78,112.2,1.58,24.8,True,Varanasi,private_job,high
50,45.9,1.76,32.41,False,Kakinada,private_job,medium
74,60.2,1.73,19.67,False,Jodhpur,private_job,medium
70,71.0,1.68,6.28,True,Chennai,government_job,high
41,61.9,1.78,8.16,True,Kota,retired,medium
56,91.9,1.75,13.49,True,Varanasi,business_owner,high
39,71.5,1.76,2.32,False,Saharanpur,student,low
44,90.4,1.89,30.64,False,Bhopal,private_job,low
35,86.4,1.65,18.94,False,Patna,private_job,medium
49,87.1,1.66,54.75,True,Jodhpur,business_owner,high
36,83.1,1.81,21.58,True,Sikar,government_job,medium
29,51.8,1.66,10.77,False,Ajmer,government_job,low
26,85.1,1.68,11.95,False,Kota,retired,medium
56,79.5,1.81,15.49,False,Visakhapatnam,private_job,low
64,78.2,1.72,4.93,True,Ajmer,student,high
34,75.4,1.79,10.02,True,Delhi,government_job,medium
18,59.1,1.75,3.86,False,Nagpur,retired,low
55,75.8,1.84,3.88,False,Pune,student,low
74,89.6,1.66,9.37,False,Rajkot,freelancer,high
49,82.9,1.65,24.39,False,Jodhpur,private_job,high
66,66.0,1.72,4.45,False,Saharanpur,freelancer,medium
50,58.9,1.74,12.69,True,Rajkot,retired,medium
34,66.8,1.65,12.61,True,Alwar,retired,medium
45,51.2,1.69,9.19,False,Delhi,government_job,low
65,77.4,1.56,2.25,True,Indore,student,high
49,60.9,1.67,5.5,False,Hyderabad,student,low
33,79.7,1.55,1.21,False,Amritsar,student,medium
24,54.6,1.88,2.4,False,Rajkot,student,low
66,97.0,1.81,0.79,False,Meerut,student,medium
18,43.4,1.62,4.17,False,Hyderabad,freelancer,low
40,71.1,1.83,9.8,True,Kakinada,retired,medium
66,79.7,1.68,0.76,True,Vadodara,student,high
20,42.2,1.69,42.64,True,Coimbatore,business_owner,medium
23,74.9,1.65,19.42,False,Hyderabad,government_job,low
29,70.7,1.88,29.64,False,Ajmer,private_job,low
43,60.2,1.8,2.3,False,Alwar,unemployed,low
27,73.6,1.81,10.97,False,Coimbatore,private_job,low
24,65.9,1.62,36.85,True,Shimla,business_owner,medium
63,91.4,1.69,17.12,True,Sikar,private_job,high
46,66.5,1.71,18.49,True,Pune,freelancer,medium
71,63.6,1.72,13.77,False,Meerut,freelancer,medium
27,44.0,1.57,2.03,False,Shimla,student,low
32,49.6,1.49,7.72,True,Hyderabad,freelancer,medium
44,60.5,1.69,2.71,False,Alwar,unemployed,low
40,51.8,1.71,18.72,False,Kakinada,private_job,low
56,40.9,1.67,21.23,False,Bangalore,freelancer,medium
43,54.1,1.66,7.09,True,Jaipur,private_job,medium
56,77.8,1.6,4.0,False,Varanasi,retired,medium
25,77.1,1.65,9.74,True,Raipur,government_job,medium
34,81.5,1.59,4.05,False,Pune,retired,medium
66,84.0,1.75,12.57,False,Jodhpur,business_owner,medium
31,74.2,1.74,9.88,False,Bangalore,government_job,low
67,71.1,1.64,6.71,False,Kota,business_owner,medium
40,46.2,1.63,22.98,False,Vadodara,private_job,low
44,45.0,1.64,2.92,False,Jodhpur,student,low
79,67.3,1.62,2.75,False,Delhi,unemployed,medium
22,50.9,1.67,10.56,False,Jodhpur,private_job,low
50,78.9,1.71,16.68,True,Visakhapatnam,government_job,medium
41,81.3,1.77,12.81,True,Alwar,freelancer,medium
73,56.0,1.79,3.6,True,Amritsar,student,high
28,42.2,1.72,1.11,True,Jodhpur,student,medium
54,70.6,1.65,3.64,False,Sikar,private_job,low
40,80.8,1.64,24.46,True,Varanasi,government_job,high
53,82.6,1.57,1.28,False,Sikar,student,medium
47,84.7,1.71,1.59,False,Vadodara,unemployed,medium
72,74.0,1.72,25.56,False,Kolkata,private_job,medium
24,59.0,1.64,20.5,False,Ranchi,private_job,low
27,88.5,1.78,12.31,False,Nagpur,government_job,low
43,73.5,1.77,8.57,False,Vadodara,government_job,low
28,58.4,1.66,34.51,False,Patna,business_owner,low
24,67.5,1.65,33.06,True,Kolkata,business_owner,medium
55,40.0,1.69,2.24,True,Nagpur,unemployed,medium
40,58.9,1.74,14.78,False,Bangalore,business_owner,low
37,70.2,1.57,2.84,False,Pune,student,low
57,94.6,1.56,59.4,False,Kakinada,business_owner,high
59,78.4,1.71,17.98,True,Chennai,freelancer,medium
75,76.0,1.55,7.01,False,Patna,government_job,high
53,91.1,1.63,4.63,True,Kolkata,retired,high
58,63.8,1.58,12.14,False,Kolkata,freelancer,low
31,54.2,1.45,3.07,False,Jaipur,student,low
47,74.8,1.62,9.44,True,Sikar,freelancer,high
33,106.7,1.52,1.49,False,Mumbai,student,medium
34,106.3,1.82,15.13,False,Patna,business_owner,medium
67,60.2,1.65,1.45,False,Hyderabad,student,medium
52,80.0,1.57,2.99,True,Delhi,student,high
38,58.7,1.54,5.46,False,Varanasi,student,low
33,73.1,1.72,23.01,False,Kakinada,government_job,low
29,65.4,1.69,11.03,False,Patna,freelancer,low
68,89.6,1.67,19.82,True,Kota,government_job,high
59,69.0,1.92,1.96,False,Nanded,student,low
23,84.7,1.6,29.67,False,Varanasi,business_owner,medium
37,63.2,1.73,20.8,False,Meerut,government_job,low
63,54.5,1.62,20.15,True,Varanasi,freelancer,high
63,74.4,1.61,17.59,False,Amritsar,government_job,medium
79,66.2,1.71,2.51,True,Hyderabad,unemployed,high
75,76.6,1.57,12.91,False,Coimbatore,private_job,high
72,59.6,1.65,4.32,True,Nanded,retired,high
64,51.2,1.62,2.28,False,Ajmer,student,medium
27,65.4,1.82,4.12,False,Jodhpur,student,low
47,73.8,1.72,26.29,False,Lucknow,private_job,medium
48,84.5,1.83,19.01,False,Vadodara,private_job,low
37,46.9,1.54,3.16,False,Chandigarh,student,low
52,72.9,1.66,7.88,False,Alwar,private_job,low
67,72.4,1.61,23.06,False,Bhopal,private_job,high
26,67.7,1.69,52.08,False,Nagpur,business_owner,low
28,61.5,1.66,6.98,False,Alwar,retired,low
44,61.9,1.72,12.73,True,Chandigarh,government_job,medium
48,80.7,1.77,5.35,False,Vadodara,business_owner,low
20,60.6,1.61,20.41,False,Bangalore,business_owner,low
37,40.0,1.67,7.25,False,Visakhapatnam,retired,low
57,57.6,1.56,12.44,False,Bhopal,private_job,low
25,82.9,1.79,3.65,False,Surat,unemployed,low
65,44.3,1.6,28.82,True,Kolkata,private_job,high
74,52.2,1.6,18.64,False,Kolkata,freelancer,medium
55,66.7,1.72,22.35,True,Kota,freelancer,high
73,81.6,1.64,16.13,False,Chennai,freelancer,high
74,78.4,1.74,8.25,False,Shimla,government_job,medium
32,84.6,1.79,15.2,False,Patna,business_owner,low
38,75.4,1.58,2.32,True,Bangalore,freelancer,high
48,55.3,1.66,14.71,False,Hyderabad,business_owner,low
43,60.9,1.57,27.74,True,Chandigarh,private_job,medium
52,121.8,1.67,3.24,False,Hyderabad,unemployed,medium
26,99.9,1.69,5.2,True,Bhopal,student,high
78,57.4,1.72,6.3,False,Pune,freelancer,medium
18,76.8,1.79,24.08,False,Kota,government_job,low
53,74.6,1.66,24.95,False,Kakinada,private_job,medium
37,79.1,1.79,34.94,False,Visakhapatnam,private_job,low
25,62.3,1.57,7.26,False,Alwar,retired,low
73,71.2,1.8,16.93,True,Indore,government_job,high
20,64.5,1.72,5.97,False,Saharanpur,student,low
30,55.0,1.74,49.53,False,Bangalore,business_owner,low
30,74.8,1.48,2.15,False,Coimbatore,unemployed,medium
29,66.1,1.82,14.73,False,Sikar,freelancer,low
65,74.5,1.68,11.27,False,Kakinada,private_job,medium
35,88.1,1.82,30.32,False,Mumbai,private_job,low
54,119.1,1.73,4.62,False,Kota,retired,medium
37,60.0,1.88,6.26,False,Delhi,private_job,low
38,88.4,1.82,2.24,True,Bangalore,retired,medium
67,70.5,1.74,15.08,True,Nagpur,freelancer,high
51,73.3,1.6,19.63,False,Shimla,private_job,medium
52,66.0,1.83,13.6,False,Pune,retired,low
71,43.9,1.78,10.77,False,Kakinada,private_job,medium
75,63.0,1.79,16.36,True,Raipur,government_job,high
62,87.4,1.71,14.11,False,Coimbatore,business_owner,medium
31,75.9,1.86,3.84,False,Hyderabad,private_job,low
66,91.1,1.58,32.29,True,Lucknow,private_job,high
49,59.3,1.85,4.68,False,Hyderabad,student,low
33,57.0,1.52,19.4,True,Raipur,freelancer,medium
70,95.2,1.61,5.55,False,Ajmer,retired,high
74,70.2,1.62,8.23,False,Rajkot,private_job,medium
58,74.9,1.45,4.76,False,Delhi,student,medium
76,69.2,1.68,1.49,False,Mumbai,student,medium
32,71.5,1.61,5.18,True,Jaipur,freelancer,medium
35,77.1,1.78,14.9,False,Mumbai,private_job,low
18,85.3,1.83,2.16,True,Surat,student,medium
35,66.3,1.68,12.54,False,Lucknow,freelancer,low
48,75.4,1.62,34.16,False,Nagpur,private_job,medium
73,52.8,1.66,15.43,True,Raipur,freelancer,high
61,64.6,1.76,5.83,True,Kota,student,high
71,61.1,1.64,10.54,False,Kolkata,private_job,medium
75,81.0,1.67,41.0,False,Indore,business_owner,high
73,40.0,1.77,17.35,False,Jaipur,government_job,medium
62,74.7,1.87,6.59,True,Jaipur,private_job,high
65,79.2,1.65,6.43,True,Vadodara,private_job,high
19,56.2,1.57,27.66,True,Patna,private_job,medium
59,51.0,1.58,11.14,False,Bhopal,freelancer,low
71,89.1,1.67,33.37,False,Pune,business_owner,high
78,68.0,1.82,10.27,False,Kolkata,government_job,medium
78,74.7,1.8,30.22,False,Chandigarh,private_job,medium
19,59.6,1.54,3.53,False,Surat,student,low
57,47.6,1.66,9.95,False,Lucknow,business_owner,low
43,98.6,1.7,2.39,False,Meerut,retired,medium
60,75.0,1.58,11.07,False,Nagpur,private_job,medium
46,76.4,1.57,10.78,True,Indore,retired,high
27,49.8,1.66,11.15,False,Shimla,retired,low
79,61.4,1.65,17.19,False,Chandigarh,freelancer,medium
31,84.8,1.62,5.32,True,Delhi,student,high
61,74.5,1.6,5.53,False,Ranchi,private_job,medium
54,73.9,1.73,34.4,False,Bangalore,private_job,medium
51,76.5,1.68,3.59,True,Ajmer,unemployed,high
72,76.4,1.57,5.88,False,Nagpur,student,high
31,74.9,1.58,3.73,False,Hyderabad,unemployed,medium
40,47.7,1.63,9.97,True,Raipur,private_job,medium
24,81.2,1.84,2.13,False,Sikar,unemployed,low
52,89.1,1.66,14.76,True,Indore,government_job,high
58,65.7,1.66,16.33,False,Nanded,freelancer,low
71,67.9,1.71,2.96,True,Lucknow,student,high
51,59.4,1.7,4.29,True,Chandigarh,student,medium
78,69.9,1.53,4.82,True,Jaipur,government_job,high
53,85.9,1.75,3.05,False,Sikar,student,medium
52,40.0,1.68,31.23,True,Alwar,private_job,high
79,59.7,1.61,17.55,True,Surat,private_job,high
45,81.9,1.73,5.31,True,Rajkot,student,medium
60,74.8,1.61,4.13,True,Hyderabad,student,high
20,79.6,1.7,33.21,True,Chennai,private_job,high
39,74.7,1.84,21.99,False,Ajmer,government_job,low
18,62.8,1.45,15.8,False,Bhopal,private_job,low
44,65.6,1.81,34.28,False,Visakhapatnam,private_job,low
65,82.7,1.63,11.84,True,Patna,freelancer,high
22,81.4,1.72,3.65,False,Patna,unemployed,low
21,81.1,1.87,13.17,False,Pune,business_owner,low
29,54.1,1.7,6.38,False,Vadodara,retired,low
33,63.7,1.88,5.54,True,Chandigarh,student,medium
57,111.0,1.58,0.67,True,Jaipur,unemployed,high
36,97.6,1.76,12.15,True,Raipur,private_job,high
31,43.6,1.58,6.55,True,Delhi,private_job,medium
33,40.0,1.56,20.44,False,Vadodara,private_job,low
57,83.2,1.62,32.71,False,Sikar,business_owner,high
69,72.6,1.6,2.49,True,Nagpur,unemployed,high
52,72.2,1.64,7.81,True,Varanasi,retired,medium
66,45.7,1.59,4.11,True,Bangalore,student,high
58,89.6,1.77,30.78,True,Sikar,private_job,high
62,63.3,1.67,5.93,True,Shimla,business_owner,high
75,82.0,1.72,13.02,False,Kakinada,freelancer,medium
52,60.7,1.62,8.01,False,Ajmer,retired,low
77,61.1,1.66,16.16,False,Shimla,government_job,medium
30,75.4,1.67,4.33,False,Amritsar,government_job,low
62,62.7,1.76,11.79,False,Nagpur,private_job,medium
41,64.8,1.72,11.52,False,Varanasi,freelancer,low
66,56.8,1.79,3.09,True,Saharanpur,unemployed,high
59,72.3,1.71,5.59,False,Kota,freelancer,low
45,86.9,1.7,10.33,True,Coimbatore,government_job,high
25,65.6,1.66,4.52,False,Raipur,student,low
37,83.5,1.6,17.23,True,Kolkata,government_job,high
52,68.8,1.67,4.76,False,Indore,student,low
74,43.8,1.57,17.34,False,Chennai,government_job,medium
50,60.9,1.86,35.49,True,Chandigarh,business_owner,high
53,112.9,1.7,15.73,False,Amritsar,freelancer,medium
40,85.9,1.58,17.99,False,Patna,freelancer,medium
57,64.9,1.86,9.64,False,Sikar,government_job,low
30,68.9,1.55,28.36,False,Bhopal,private_job,medium
57,71.0,1.71,21.31,False,Indore,private_job,medium
49,44.1,1.74,12.71,False,Kolkata,freelancer,low
74,75.3,1.59,24.37,False,Kakinada,private_job,high
24,78.1,1.68,18.18,False,Visakhapatnam,private_job,low
70,60.9,1.88,4.67,False,Jaipur,student,medium
59,69.4,1.68,10.37,False,Ajmer,freelancer,low
78,49.3,1.74,9.74,False,Jodhpur,retired,medium
75,60.2,1.76,23.98,False,Vadodara,private_job,medium
53,40.8,1.55,10.29,True,Jaipur,private_job,medium
44,54.7,1.48,8.08,True,Meerut,private_job,medium
21,52.9,1.53,6.82,False,Nagpur,retired,low
54,70.4,1.61,6.12,False,Delhi,retired,medium
74,88.2,1.66,4.97,False,Rajkot,student,high
24,78.9,1.52,9.07,False,Nanded,freelancer,medium
55,65.0,1.59,2.16,False,Jodhpur,freelancer,low
34,52.0,1.54,1.43,False,Varanasi,student,low
79,53.5,1.73,3.18,True,Patna,unemployed,high
76,64.8,1.72,2.96,False,Delhi,unemployed,medium
30,48.0,1.74,9.3,False,Jaipur,private_job,low
71,88.8,1.74,23.31,False,Nagpur,government_job,high
51,72.7,1.68,28.92,True,Saharanpur,business_owner,high
63,68.6,1.63,4.49,False,Rajkot,private_job,medium
37,71.5,1.8,22.34,False,Jodhpur,freelancer,low
25,82.4,1.65,9.16,False,Jaipur,government_job,medium
55,74.8,1.8,10.22,False,Jaipur,private_job,low
48,78.0,1.85,3.52,False,Surat,student,low
78,55.7,1.75,8.95,True,Rajkot,freelancer,high
31,98.3,1.66,9.8,False,Nanded,government_job,medium
41,57.6,1.79,59.14,True,Indore,business_owner,medium
42,40.0,1.69,8.58,False,Nagpur,private_job,low
44,62.7,1.71,20.46,False,Visakhapatnam,government_job,low
64,75.1,1.65,14.0,False,Nanded,private_job,medium
25,60.7,1.64,3.4,False,Sikar,unemployed,low
32,72.9,1.74,3.39,False,Surat,unemployed,low
71,74.1,1.72,8.5,False,Hyderabad,private_job,medium
64,59.8,1.62,22.25,False,Shimla,private_job,medium
76,56.6,1.68,2.87,False,Delhi,student,medium
67,46.1,1.7,5.54,False,Surat,student,medium
29,50.9,1.76,22.36,False,Indore,government_job,low
50,56.0,1.64,22.89,False,Delhi,private_job,medium
52,64.0,1.79,31.67,False,Lucknow,private_job,medium
54,82.4,1.66,12.9,True,Saharanpur,freelancer,high
24,85.2,1.67,30.04,False,Bangalore,business_owner,medium
78,70.1,1.57,17.63,False,Sikar,government_job,medium
49,83.6,1.82,23.02,False,Ranchi,private_job,medium
76,86.4,1.69,2.1,False,Delhi,freelancer,high
78,71.1,1.64,10.76,True,Vadodara,retired,high
25,65.6,1.66,21.32,False,Meerut,private_job,low
30,62.8,1.8,34.18,False,Amritsar,private_job,low
34,76.2,1.68,1.45,True,Patna,student,medium
36,71.5,1.62,14.09,True,Bhopal,retired,medium
64,48.5,1.61,32.15,False,Bangalore,private_job,medium
53,77.6,1.68,1.17,True,Coimbatore,student,high
39,56.8,1.58,13.29,True,Surat,government_job,medium
21,83.4,1.6,32.29,False,Mumbai,private_job,medium
38,70.2,1.66,4.48,False,Visakhapatnam,freelancer,low
57,59.4,1.66,1.94,False,Surat,student,low
71,62.3,1.67,20.9,False,Raipur,freelancer,medium
58,56.0,1.69,31.03,False,Bangalore,private_job,medium
39,76.2,1.65,2.55,True,Visakhapatnam,unemployed,medium
72,62.7,1.45,5.28,False,Saharanpur,student,medium
26,70.0,1.6,30.51,False,Nagpur,private_job,medium
79,79.9,1.82,18.82,False,Shimla,freelancer,medium
38,69.2,1.47,4.58,False,Indore,freelancer,medium
55,41.7,1.61,2.97,False,Surat,student,low
42,63.5,1.67,10.73,True,Amritsar,private_job,medium
69,43.9,1.82,13.73,True,Chennai,private_job,high
40,53.8,1.95,2.84,True,Jodhpur,student,medium
78,54.3,1.69,4.84,False,Patna,government_job,medium
20,84.1,1.82,3.52,True,Visakhapatnam,unemployed,medium
39,62.8,1.71,17.01,True,Kolkata,private_job,medium
54,55.0,1.53,10.23,False,Ajmer,freelancer,low
38,63.4,1.63,2.37,True,Amritsar,student,medium
56,79.0,1.77,11.4,False,Meerut,retired,low
25,75.8,1.78,24.05,False,Raipur,private_job,low
66,46.2,1.77,11.64,False,Saharanpur,government_job,medium
43,75.0,1.59,31.3,False,Raipur,private_job,medium
32,82.3,1.76,1.3,False,Coimbatore,student,low
69,74.9,1.79,1.39,False,Mumbai,unemployed,medium
28,81.8,1.83,28.07,True,Jaipur,private_job,medium
34,77.8,1.7,12.48,False,Jaipur,freelancer,low
31,47.4,1.67,13.11,False,Surat,government_job,low
37,60.7,1.79,10.86,True,Lucknow,retired,medium
56,63.4,1.63,14.35,True,Ranchi,private_job,medium
64,74.5,1.77,13.6,True,Jaipur,private_job,high
61,77.2,1.86,7.73,False,Shimla,private_job,medium
78,58.9,1.83,14.12,False,Ranchi,retired,medium
75,84.8,1.6,24.65,False,Kakinada,business_owner,high
68,90.3,1.65,21.09,True,Raipur,freelancer,high
20,69.6,1.66,29.2,False,Kakinada,private_job,low
35,80.4,1.71,15.29,False,Kakinada,government_job,low
21,100.3,1.84,23.43,False,Mumbai,freelancer,medium
28,74.6,1.72,10.91,True,Hyderabad,retired,medium
20,74.7,1.77,28.48,True,Chennai,private_job,medium
75,68.8,1.48,14.28,True,Vadodara,retired,high
74,61.5,1.68,16.04,False,Amritsar,government_job,medium
65,83.0,1.68,22.56,False,Mumbai,government_job,high
66,72.1,1.63,13.0,False,Saharanpur,private_job,medium
72,97.2,1.62,5.8,True,Jaipur,student,high
32,60.6,1.67,11.2,False,Mumbai,business_owner,low
39,65.3,1.82,20.51,False,Meerut,government_job,low
46,75.7,1.61,1.11,False,Chennai,student,medium
56,66.0,1.59,29.4,True,Hyderabad,business_owner,high
31,74.3,1.6,12.8,True,Coimbatore,private_job,medium
26,43.6,1.8,19.6,False,Kakinada,private_job,low
43,73.5,1.68,25.32,True,Kota,business_owner,medium
23,81.7,1.73,35.29,False,Kakinada,business_owner,medium
21,79.2,1.52,10.05,True,Sikar,government_job,high
38,67.3,1.56,12.69,True,Patna,private_job,medium
39,85.1,1.69,6.13,True,Amritsar,government_job,medium
75,55.9,1.78,6.46,False,Nanded,freelancer,medium
21,69.9,1.73,13.43,True,Kolkata,private_job,medium
24,46.0,1.61,25.34,False,Sikar,private_job,low
54,96.4,1.59,21.2,True,Lucknow,private_job,high
53,79.4,1.81,21.71,True,Nagpur,private_job,high
74,55.4,1.67,16.06,False,Surat,government_job,medium
78,65.5,1.77,20.54,False,Vadodara,private_job,medium
22,56.8,1.57,4.51,False,Delhi,private_job,low
66,70.2,1.63,2.92,False,Indore,student,medium
78,55.2,1.61,4.03,False,Rajkot,student,medium
75,81.8,1.63,4.89,True,Mumbai,private_job,high
32,62.6,1.6,3.47,False,Visakhapatnam,retired,low
49,62.3,1.59,26.53,False,Chandigarh,business_owner,medium
57,46.9,1.68,12.0,True,Ajmer,freelancer,medium
79,82.2,1.82,10.06,True,Saharanpur,government_job,high
61,67.6,1.76,16.39,True,Nanded,private_job,high
36,59.2,1.68,11.23,False,Vadodara,private_job,low
39,56.6,1.56,14.57,False,Raipur,private_job,low
32,79.0,1.72,46.49,False,Vadodara,business_owner,low
70,75.1,1.78,28.13,True,Meerut,business_owner,high
65,67.4,1.62,20.46,True,Bangalore,private_job,high
32,94.4,1.55,22.72,False,Vadodara,freelancer,medium
54,90.1,1.73,11.86,False,Delhi,retired,medium
23,46.5,1.65,10.01,False,Visakhapatnam,retired,low
73,57.3,1.63,6.56,False,Surat,freelancer,medium
31,61.7,1.57,5.06,True,Sikar,private_job,medium
59,71.0,1.58,1.63,False,Saharanpur,unemployed,medium
37,67.2,1.71,3.63,True,Indore,unemployed,medium
48,79.5,1.81,15.18,False,Kakinada,private_job,low
19,73.4,1.69,0.74,True,Raipur,unemployed,medium
75,81.6,1.83,6.97,False,Kakinada,retired,medium
38,108.0,1.73,13.34,True,Shimla,freelancer,high
19,76.0,1.8,32.82,False,Delhi,private_job,low
60,40.1,1.87,19.67,False,Visakhapatnam,government_job,low
27,76.7,1.45,0.71,False,Meerut,student,medium
59,80.4,1.49,34.82,False,Surat,private_job,high
26,46.1,1.6,29.07,False,Meerut,private_job,low
79,61.8,1.74,4.63,False,Bhopal,freelancer,medium
24,75.7,1.7,1.89,False,Jodhpur,unemployed,low
67,74.8,1.67,44.98,False,Rajkot,business_owner,medium
65,70.4,1.72,9.11,False,Kota,business_owner,medium
49,73.5,1.72,1.61,False,Varanasi,student,low
37,55.1,1.59,8.57,False,Visakhapatnam,private_job,low
48,97.2,1.59,48.55,False,Hyderabad,business_owner,high
72,73.7,1.9,10.3,False,Indore,business_owner,medium
72,79.0,1.79,10.99,True,Nagpur,government_job,high
57,72.5,1.72,10.02,True,Surat,private_job,medium
77,47.4,1.94,5.27,True,Ajmer,retired,high
56,72.3,1.73,18.88,False,Kota,business_owner,low
53,44.3,1.7,1.66,False,Delhi,unemployed,low
47,90.6,1.68,1.51,True,Varanasi,unemployed,high
47,43.3,1.75,14.7,False,Hyderabad,business_owner,low
78,77.8,1.75,33.71,False,Indore,private_job,medium
41,75.8,1.67,5.72,False,Delhi,private_job,low
70,57.3,1.7,12.1,True,Rajkot,retired,high
26,61.1,1.74,3.87,True,Kota,private_job,medium
66,68.4,1.85,2.68,True,Alwar,unemployed,high
65,108.1,1.79,19.99,True,Kolkata,business_owner,high
52,65.8,1.62,12.37,False,Rajkot,private_job,low
61,78.0,1.86,14.31,False,Mumbai,business_owner,medium
63,63.4,1.68,10.93,True,Alwar,private_job,high
55,73.1,1.66,2.67,False,Chandigarh,student,low
77,86.8,1.75,20.77,True,Kota,freelancer,high
47,54.8,1.62,17.69,True,Chandigarh,government_job,medium
32,63.8,1.76,17.46,False,Bhopal,government_job,low
23,50.1,1.64,4.02,False,Bangalore,retired,low
27,107.9,1.78,12.17,False,Lucknow,private_job,medium
55,57.8,1.7,59.75,False,Alwar,business_owner,medium
60,48.6,1.68,17.32,False,Jaipur,freelancer,low
26,81.0,1.82,1.78,True,Vadodara,unemployed,medium
43,86.1,1.78,17.82,False,Ranchi,freelancer,low
46,69.7,1.76,49.88,False,Saharanpur,business_owner,medium
40,77.2,1.58,8.48,False,Kota,retired,medium
78,100.3,1.73,25.5,True,Meerut,private_job,high
28,86.7,1.55,20.94,False,Jodhpur,freelancer,medium
61,64.6,1.79,22.2,False,Kakinada,freelancer,medium
24,99.6,1.72,8.56,False,Meerut,private_job,medium
21,87.8,1.88,32.19,False,Bhopal,private_job,low
63,76.8,1.72,12.13,False,Jaipur,retired,medium
